Id,Name,Gender,Age,Birthdate,Address
281fcba5-fb0e-47c4-b64d-75d168d877e0,곽정우,Female,29,1995-01-22,대구 북구 99길 46
6f494393-f866-4184-8734-7d4c41f2c306,박채은,Male,43,1981-03-15,울산 동구 28길 39
e1c3a495-11cb-4611-8d51-b90c489147cd,주준우,Male,58,1966-06-17,광주 광산구 41길 15
0093ee9b-3ce0-4df8-8705-956c8e1dc04e,송우빈,Female,54,1970-09-23,부산 해운대구 1길 83
4cf88706-1ea1-4ad9-ae48-048d513608fb,안수현,Male,42,1982-10-31,부산 연제구 41길 28
9b4213e1-8a62-4c04-bd3b-3b6c1367234b,손정우,Female,26,1998-06-25,부산 연제구 32길 86
d8a672da-e127-4a75-856e-324cb97b6f61,김윤서,Female,33,1991-06-15,부산 금정구 22길 50
f3c85165-c017-436e-8552-0f37174a4f29,정준우,Male,30,1994-05-21,부산 해운대구 47길 58
c772c583-f264-4ae7-bc40-dedeafbb6951,양하영,Male,50,1974-12-19,대전 유성구 11길 60
712211c5-3906-4b69-a4f2-86ccf4dffb93,김석인,Female,20,2004-01-18,서울 성동구 20길 90
